Date,Time,group,Transect,Zone,Points within Zone,distance on tape,Latitude,Longitude,quarter,species,Distance from point (m),Height (m),Circumference (cm),point location note
4/07/2014,12:04:04 PM,the Hannah's,,,,,,,,,,,,
4/07/2014,12:06:17 PM,the Hannah's,Landward-Creek,0-20m,Point 1,6,-25.44817324,152.990059,,,,,,
4/07/2014,12:08:38 PM,the Hannah's,Landward-Creek,0-20m,Point 1,6,,,quarter 1,Osbornia octodonta,0.6,1.6,10,
4/07/2014,12:10:07 PM,the Hannah's,Landward-Creek,0-20m,Point 1,6,,,quarter 2,Osbornia octodonta,0.6,1.4,8,
4/07/2014,12:12:13 PM,the Hannah's,Landward-Creek,0-20m,Point 1,6,,,quarter 3,Ceriops australis,0.4,1.4,5,
4/07/2014,12:13:50 PM,the Hannah's,Landward-Creek,0-20m,Point 1,6,,,quarter 4,Ceriops australis,0.4,1,4,
4/07/2014,12:16:01 PM,the Hannah's,Landward-Creek,20-40m,Point 1,26,-25.44812827,152.9898975,to next Transect point,,,,,
4/07/2014,12:17:16 PM,the Hannah's,Landward-Creek,20-40m,Point 1,26,,,quarter 1,Ceriops australis,0.8,0.9,11,
4/07/2014,12:18:40 PM,the Hannah's,Landward-Creek,20-40m,Point 1,26,,,quarter 2,Avicennia marina,0.4,0.6,4,
4/07/2014,12:19:24 PM,the Hannah's,Landward-Creek,20-40m,Point 1,26,,,quarter 3,Ceriops australis,0.6,0.9,5,
4/07/2014,12:20:12 PM,the Hannah's,Landward-Creek,20-40m,Point 1,26,,,quarter 4,Ceriops australis,0.4,0.8,19,
4/07/2014,12:21:50 PM,the Hannah's,Landward-Creek,20-40m,Point 2,35,-25.44792882,152.989887,to next Transect point,,,,,
4/07/2014,12:22:55 PM,the Hannah's,Landward-Creek,20-40m,Point 2,35,,,quarter 1,Aegialitis annulata,0.7,0.8,30,
4/07/2014,12:23:36 PM,the Hannah's,Landward-Creek,20-40m,Point 2,35,,,quarter 2,Ceriops australis,0.6,0.8,9,
4/07/2014,12:24:16 PM,the Hannah's,Landward-Creek,20-40m,Point 2,35,,,quarter 3,Aegialitis annulata,0.4,0.9,38,
4/07/2014,12:24:57 PM,the Hannah's,Landward-Creek,20-40m,Point 2,35,,,quarter 4,Aegialitis annulata,0.3,0.5,10,
4/07/2014,12:26:21 PM,the Hannah's,Landward-Creek,40-60m,Point 1,47,-25.44795971,152.9897631,to next Transect point,,,,,
4/07/2014,12:27:04 PM,the Hannah's,Landward-Creek,40-60m,Point 1,47,,,quarter 1,Ceriops australis,0.9,1.2,15,
4/07/2014,12:27:40 PM,the Hannah's,Landward-Creek,40-60m,Point 1,47,,,quarter 2,Aegialitis annulata,0.4,0.7,25,
4/07/2014,12:28:03 PM,the Hannah's,Landward-Creek,40-60m,Point 1,47,,,quarter 3,Aegialitis annulata,0.6,0.5,13,
4/07/2014,12:28:43 PM,the Hannah's,Landward-Creek,40-60m,Point 1,47,,,quarter 4,Avicennia marina,0.3,0.5,8,
4/07/2014,12:30:17 PM,the Hannah's,Landward-Creek,60-80m,Point 1,65,-25.44776416,152.9897123,to next Transect point,,,,,
4/07/2014,12:31:16 PM,the Hannah's,Landward-Creek,60-80m,Point 1,65,,,quarter 1,Avicennia marina,1,0.5,12,
4/07/2014,12:31:55 PM,the Hannah's,Landward-Creek,60-80m,Point 1,65,,,quarter 2,Ceriops australis,0.5,0.3,1,
4/07/2014,12:32:24 PM,the Hannah's,Landward-Creek,60-80m,Point 1,65,,,quarter 3,Ceriops australis,1.3,0.5,5,
4/07/2014,12:33:00 PM,the Hannah's,Landward-Creek,60-80m,Point 1,65,,,quarter 4,Ceriops australis,1.5,0.5,10,
4/07/2014,12:34:04 PM,the Hannah's,Landward-Creek,60-80m,Point 1,65,,,quarter 1,Ceriops australis,0.8,0.8,11,
4/07/2014,12:34:44 PM,the Hannah's,Landward-Creek,60-80m,Point 1,65,,,quarter 2,Ceriops australis,0.9,0.6,8,
4/07/2014,12:35:26 PM,the Hannah's,Landward-Creek,60-80m,Point 1,65,,,quarter 3,Ceriops australis,1,1.2,35,
4/07/2014,12:36:06 PM,the Hannah's,Landward-Creek,60-80m,Point 1,65,,,quarter 4,Osbornia octodonta,1.1,0.7,28,
4/07/2014,12:37:53 PM,the Hannah's,Landward-Creek,80-100m,Point 1,94,-25.44775542,152.989613,to next Transect point,,,,,
4/07/2014,12:38:53 PM,the Hannah's,Landward-Creek,80-100m,Point 1,94,,,quarter 1,Ceriops australis,0.8,0.7,9,
4/07/2014,12:39:39 PM,the Hannah's,Landward-Creek,80-100m,Point 1,94,,,quarter 2,Ceriops australis,1.5,0.6,8,
4/07/2014,12:40:01 PM,the Hannah's,Landward-Creek,80-100m,Point 1,94,,,quarter 3,Osbornia octodonta,1.2,0.3,1,
4/07/2014,12:40:52 PM,the Hannah's,Landward-Creek,80-100m,Point 1,94,,,quarter 4,Ceriops australis,1.7,1.3,12,
4/07/2014,12:45:30 PM,the Hannah's,,,Point 1,94,,,to next Transect point,,,,,
4/07/2014,12:07:32 PM,richo and alex,Landward-Creek,0-20m,Point 3,8,-25.44823356,152.9898826,,,,,,
4/07/2014,12:11:53 PM,richo and alex,Landward-Creek,0-20m,Point 3,8,,,quarter 1,Ceriops australis,0.3,0.9,6,
4/07/2014,12:13:45 PM,richo and alex,Landward-Creek,0-20m,Point 3,8,,,quarter 2,Osbornia octodonta,0.9,1.1,6,
4/07/2014,12:16:21 PM,richo and alex,Landward-Creek,0-20m,Point 3,8,,,quarter 3,Ceriops australis,0.7,0.4,4,
4/07/2014,12:17:22 PM,richo and alex,Landward-Creek,0-20m,Point 3,8,,,quarter 4,Ceriops australis,0.8,1.2,12,
4/07/2014,12:18:41 PM,richo and alex,Landward-Creek,20-40m,Point 2,25,-25.44819822,152.9898006,to next Transect point,,,,,
4/07/2014,12:19:30 PM,richo and alex,Landward-Creek,20-40m,Point 2,25,,,quarter 1,Ceriops australis,0.6,0.8,22,
4/07/2014,12:20:08 PM,richo and alex,Landward-Creek,20-40m,Point 2,25,,,quarter 2,Ceriops australis,0.5,0.5,7,
4/07/2014,12:20:43 PM,richo and alex,Landward-Creek,20-40m,Point 2,25,,,quarter 3,Ceriops australis,0.3,0.4,3,
4/07/2014,12:21:36 PM,richo and alex,Landward-Creek,20-40m,Point 2,25,,,quarter 4,Osbornia octodonta,0.6,0.7,9,
4/07/2014,12:22:13 PM,richo and alex,Landward-Creek,20-40m,Point 2,25,,,to next exercise,,,,,
4/07/2014,12:22:36 PM,richo and alex,Landward-Creek,20-40m,Point 3,35,-25.44805187,152.9895792,to next exercise,,,,,
4/07/2014,12:23:17 PM,richo and alex,Landward-Creek,20-40m,Point 3,35,,,quarter 1,Ceriops australis,0.5,0.8,17,
4/07/2014,12:24:02 PM,richo and alex,Landward-Creek,20-40m,Point 3,35,,,quarter 2,Ceriops australis,0.6,0.7,24,
4/07/2014,12:24:28 PM,richo and alex,Landward-Creek,20-40m,Point 3,35,,,quarter 3,Ceriops australis,0.4,0.4,4,
4/07/2014,12:25:18 PM,richo and alex,Landward-Creek,20-40m,Point 3,35,,,quarter 4,Osbornia octodonta,0.5,0.6,4,
4/07/2014,12:27:06 PM,richo and alex,Landward-Creek,40-60m,Point 3,50,-25.44801862,152.9895979,to next Transect point,,,,,
4/07/2014,12:31:42 PM,richo and alex,Landward-Creek,40-60m,Point 3,50,,,quarter 1,Avicennia marina,0.4,0.6,7,
4/07/2014,12:32:47 PM,richo and alex,Landward-Creek,40-60m,Point 3,50,,,quarter 2,Aegialitis annulata,0.4,0.4,5,
4/07/2014,12:33:29 PM,richo and alex,Landward-Creek,40-60m,Point 3,50,,,quarter 3,Ceriops australis,0.5,1.3,21,
4/07/2014,12:34:20 PM,richo and alex,Landward-Creek,40-60m,Point 3,50,,,quarter 4,Avicennia marina,0.6,1.1,13,
4/07/2014,12:35:52 PM,richo and alex,Landward-Creek,60-80m,Point 2,65,-25.44796347,152.989471,to next Transect point,,,,,
4/07/2014,12:36:51 PM,richo and alex,Landward-Creek,60-80m,Point 2,65,,,quarter 1,Avicennia marina,1,0.5,15,
4/07/2014,12:37:51 PM,richo and alex,Landward-Creek,60-80m,Point 2,65,,,quarter 2,Avicennia marina,1.4,0.2,3,
4/07/2014,12:39:18 PM,richo and alex,Landward-Creek,60-80m,Point 2,65,,,quarter 3,Avicennia marina,2.5,0.3,16,
4/07/2014,12:40:01 PM,richo and alex,Landward-Creek,60-80m,Point 2,65,,,quarter 4,Avicennia marina,0.7,0.2,10,
4/07/2014,12:40:55 PM,richo and alex,Landward-Creek,60-80m,Point 3,75,-25.44794333,152.9894679,to next Transect point,,,,,
4/07/2014,12:41:21 PM,richo and alex,Landward-Creek,60-80m,Point 3,75,,,quarter 1,Avicennia marina,0.5,0.5,5,
4/07/2014,12:41:37 PM,richo and alex,Landward-Creek,60-80m,Point 3,75,,,quarter 2,Osbornia octodonta,0.7,0.5,5,
4/07/2014,12:42:10 PM,richo and alex,Landward-Creek,60-80m,Point 3,75,,,quarter 3,Avicennia marina,0.5,0.2,21,
4/07/2014,12:42:33 PM,richo and alex,Landward-Creek,60-80m,Point 3,75,,,quarter 4,Osbornia octodonta,0.5,0.3,2,
4/07/2014,12:43:36 PM,richo and alex,Landward-Creek,80-100m,Point 3,90,-25.44784875,152.9894577,to next Transect point,,,,,
4/07/2014,12:44:05 PM,richo and alex,Landward-Creek,80-100m,Point 3,90,,,quarter 1,Ceriops australis,0.6,0.4,8,
4/07/2014,12:44:20 PM,richo and alex,Landward-Creek,80-100m,Point 3,90,,,quarter 2,Osbornia octodonta,0.3,0.3,4,
4/07/2014,12:44:46 PM,richo and alex,Landward-Creek,80-100m,Point 3,90,,,quarter 3,Osbornia octodonta,1.1,0.2,7,
4/07/2014,12:45:08 PM,richo and alex,Landward-Creek,80-100m,Point 3,90,,,quarter 4,Ceriops australis,0.7,0.5,4,
4/07/2014,12:06:02 PM,Lucy and morgan  yellow,Landward-Creek,0-20m,Point 1,8.4,-25.44824294,152.9899307,,,,,,
4/07/2014,12:13:40 PM,Lucy and morgan  yellow,Landward-Creek,0-20m,Point 1,8.4,,,quarter 1,Ceriops australis,0.3,0.5,4,
4/07/2014,12:15:17 PM,Lucy and morgan  yellow,Landward-Creek,0-20m,Point 1,8.4,,,quarter 2,Osbornia octodonta,0.1,0.7,5,
4/07/2014,12:16:20 PM,Lucy and morgan  yellow,Landward-Creek,0-20m,Point 1,8.4,,,quarter 3,Ceriops australis,0.4,0.6,6,
4/07/2014,12:17:22 PM,Lucy and morgan  yellow,Landward-Creek,0-20m,Point 1,8.4,,,quarter 4,Osbornia octodonta,0.2,0.8,4.5,
4/07/2014,12:18:11 PM,Lucy and morgan  yellow,Landward-Creek,0-20m,Point 2,13.9,-25.448016,152.9899758,to next Transect point,,,,,
4/07/2014,12:19:30 PM,Lucy and morgan  yellow,Landward-Creek,0-20m,Point 2,13.9,,,quarter 1,Ceriops australis,0.1,0.7,16,
4/07/2014,12:20:24 PM,Lucy and morgan  yellow,Landward-Creek,0-20m,Point 2,13.9,,,quarter 2,Ceriops australis,1,0.6,10.5,
4/07/2014,12:21:07 PM,Lucy and morgan  yellow,Landward-Creek,0-20m,Point 2,13.9,,,quarter 3,Ceriops australis,0.2,0.9,12,
4/07/2014,12:21:58 PM,Lucy and morgan  yellow,Landward-Creek,0-20m,Point 2,13.9,,,quarter 4,Ceriops australis,0,0.3,5,
4/07/2014,12:23:39 PM,Lucy and morgan  yellow,Landward-Creek,20-40m,Point 1,30.8,-25.44819787,152.9898291,to next Transect point,,,,,
4/07/2014,12:31:25 PM,Lucy and morgan  yellow,Landward-Creek,20-40m,Point 1,30.8,,,quarter 1,Aegialitis annulata,0.2,0.4,6,
4/07/2014,12:32:10 PM,Lucy and morgan  yellow,Landward-Creek,20-40m,Point 1,30.8,,,quarter 2,Ceriops australis,0.2,0.7,7,
4/07/2014,12:33:11 PM,Lucy and morgan  yellow,Landward-Creek,20-40m,Point 1,30.8,,,quarter 3,Ceriops australis,0.4,0.4,15,
4/07/2014,12:34:02 PM,Lucy and morgan  yellow,Landward-Creek,20-40m,Point 1,30.8,,,quarter 4,Aegialitis annulata,0.1,0.4,7,
4/07/2014,12:35:41 PM,Lucy and morgan  yellow,Landward-Creek,40-60m,Point 1,49.8,-25.44799918,152.9896471,to next Transect point,,,,,
4/07/2014,12:38:34 PM,Lucy and morgan  yellow,Landward-Creek,40-60m,Point 1,49.8,,,quarter 1,Ceriops australis,0.3,0.4,7,
4/07/2014,12:39:10 PM,Lucy and morgan  yellow,Landward-Creek,40-60m,Point 1,49.8,,,quarter 2,Ceriops australis,0.2,0.6,11,
4/07/2014,12:40:36 PM,Lucy and morgan  yellow,Landward-Creek,40-60m,Point 1,49.8,,,quarter 3,Avicennia marina,0.5,0.4,9,
4/07/2014,12:42:01 PM,Lucy and morgan  yellow,Landward-Creek,40-60m,Point 1,49.8,,,quarter 4,Ceriops australis,0.6,1,26,
4/07/2014,12:42:49 PM,Lucy and morgan  yellow,Landward-Creek,40-60m,Point 2,58.9,-25.44792155,152.9896173,to next Transect point,,,,,
4/07/2014,12:44:17 PM,Lucy and morgan  yellow,Landward-Creek,40-60m,Point 2,58.9,,,quarter 1,Avicennia marina,0.9,0.5,13,
4/07/2014,12:45:35 PM,Lucy and morgan  yellow,Landward-Creek,40-60m,Point 2,58.9,,,quarter 2,Avicennia marina,1.8,0.7,18,
4/07/2014,12:47:38 PM,Lucy and morgan  yellow,Landward-Creek,40-60m,Point 2,58.9,,,quarter 3,Avicennia marina,3.3,0.8,34,
4/07/2014,12:48:36 PM,Lucy and morgan  yellow,Landward-Creek,40-60m,Point 2,58.9,,,quarter 4,Avicennia marina,0.8,0.4,16,
4/07/2014,12:49:14 PM,Lucy and morgan  yellow,Landward-Creek,60-80m,Point 1,76.1,-25.4479083,152.989592,to next Transect point,,,,,
4/07/2014,12:51:44 PM,Lucy and morgan  yellow,Landward-Creek,60-80m,Point 1,76.1,,,quarter 1,Osbornia octodonta,0.4,0.4,4,
4/07/2014,12:52:16 PM,Lucy and morgan  yellow,Landward-Creek,60-80m,Point 1,76.1,,,quarter 2,Osbornia octodonta,0.2,0.2,3,
4/07/2014,12:53:17 PM,Lucy and morgan  yellow,Landward-Creek,60-80m,Point 1,76.1,,,quarter 3,Ceriops australis,1,0.9,16,
4/07/2014,12:53:50 PM,Lucy and morgan  yellow,Landward-Creek,60-80m,Point 1,76.1,,,quarter 4,Ceriops australis,0.4,0.5,7,
4/07/2014,12:46:41 PM,the Hannah's,Landward-Creek,80-100m,Point 2,97,-25.44765745,152.9893946,to next Transect point,,,,,
4/07/2014,12:48:47 PM,the Hannah's,Landward-Creek,80-100m,Point 2,97,,,quarter 1,Ceriops australis,0.9,0.7,29,
4/07/2014,12:49:22 PM,the Hannah's,Landward-Creek,80-100m,Point 2,97,,,quarter 2,Ceriops australis,0.8,1,19,
4/07/2014,12:49:51 PM,the Hannah's,Landward-Creek,80-100m,Point 2,97,,,quarter 3,Ceriops australis,0.8,0.5,16,
4/07/2014,12:50:09 PM,the Hannah's,Landward-Creek,80-100m,Point 2,97,,,quarter 4,Ceriops australis,0.6,0.7,8,
4/07/2014,12:50:54 PM,the Hannah's,Landward-Creek,80-100m,Point 3,90,-25.44766143,152.9893519,to next Transect point,,,,,
4/07/2014,12:51:45 PM,the Hannah's,Landward-Creek,80-100m,Point 3,90,,,quarter 1,Ceriops australis,0.5,0.6,12,
4/07/2014,12:52:24 PM,the Hannah's,Landward-Creek,80-100m,Point 3,90,,,quarter 2,Osbornia octodonta,0.7,0.3,10,
4/07/2014,12:52:44 PM,the Hannah's,Landward-Creek,80-100m,Point 3,90,,,quarter 3,Ceriops australis,0.9,0.8,12,
4/07/2014,12:53:03 PM,the Hannah's,Landward-Creek,80-100m,Point 3,90,,,quarter 4,Ceriops australis,1.1,0.6,10,
4/07/2014,9:46:57 AM,yellow3,Seaward,0-20m,Point 1,7.5,-25.44753111,152.9876554,,,,,,
4/07/2014,9:48:23 AM,yellow3,Seaward,0-20m,Point 1,7.5,,,quarter 1,Avicennia marina,7.5,6,145,
4/07/2014,9:51:04 AM,yellow3,Seaward,0-20m,Point 1,7.5,,,quarter 2,Avicennia marina,7,3,100,
4/07/2014,9:53:26 AM,yellow3,Seaward,0-20m,Point 1,7.5,,,quarter 3,Rhizophora stylosa,2.5,2,30,
4/07/2014,9:54:07 AM,yellow3,Seaward,0-20m,Point 1,7.5,,,quarter 4,Rhizophora stylosa,2,2.5,30,
4/07/2014,9:55:52 AM,yellow3,Seaward,0-20m,Point 2,11,-25.4475345,152.987571,to next Transect point,,,,,
4/07/2014,9:58:59 AM,yellow3,Seaward,0-20m,Point 2,11,,,quarter 1,Rhizophora stylosa,1.5,1.4,3,
4/07/2014,9:59:54 AM,yellow3,Seaward,0-20m,Point 2,11,,,quarter 2,Avicennia marina,2.5,4,30,
4/07/2014,10:00:42 AM,yellow3,Seaward,0-20m,Point 2,11,,,quarter 3,Avicennia marina,3.5,4.5,63,
4/07/2014,10:01:45 AM,yellow3,Seaward,0-20m,Point 2,11,,,quarter 4,Rhizophora stylosa,1,2,5,
4/07/2014,10:03:24 AM,yellow3,Seaward,20-40m,Point 1,24,-25.44756587,152.9875911,to next Transect point,,,,,
4/07/2014,10:04:41 AM,yellow3,Seaward,20-40m,Point 1,24,,,quarter 1,Rhizophora stylosa,0.4,2,4,
4/07/2014,10:05:19 AM,yellow3,Seaward,20-40m,Point 1,24,,,quarter 2,Rhizophora stylosa,2,2.5,26,
4/07/2014,10:05:51 AM,yellow3,Seaward,20-40m,Point 1,24,,,quarter 3,Rhizophora stylosa,2,2.5,17,
4/07/2014,10:06:16 AM,yellow3,Seaward,20-40m,Point 1,24,,,quarter 4,Avicennia marina,2.5,5,51,
4/07/2014,10:08:01 AM,yellow3,Seaward,20-40m,Point 2,34,-25.44757107,152.9878558,to next Transect point,,,,,
4/07/2014,10:08:43 AM,yellow3,Seaward,20-40m,Point 2,34,,,quarter 1,Rhizophora stylosa,0.3,2,10,
4/07/2014,10:10:01 AM,yellow3,Seaward,20-40m,Point 2,34,,,quarter 2,Rhizophora stylosa,2.5,2.5,21,
4/07/2014,10:11:25 AM,yellow3,Seaward,20-40m,Point 2,34,,,quarter 3,Rhizophora stylosa,0.4,2.5,70,
4/07/2014,10:12:39 AM,yellow3,Seaward,20-40m,Point 2,34,,,quarter 4,Avicennia marina,1,1,30,
4/07/2014,10:16:03 AM,yellow3,Seaward,40-60m,Point 1,48,-25.44762619,152.9878708,to next Transect point,,,,,
4/07/2014,10:19:27 AM,yellow3,Seaward,40-60m,Point 1,48,,,quarter 1,Avicennia marina,1,2.3,26,
4/07/2014,10:21:02 AM,yellow3,Seaward,40-60m,Point 1,48,,,quarter 2,Rhizophora stylosa,0.3,1.2,10,
4/07/2014,10:21:02 AM,yellow3,Seaward,40-60m,Point 1,48,,,quarter 3,Rhizophora stylosa,0.4,2,20,
4/07/2014,10:21:51 AM,yellow3,Seaward,40-60m,Point 1,48,,,quarter 4,Rhizophora stylosa,1,2.5,15,
4/07/2014,10:23:12 AM,yellow3,Seaward,40-60m,Point 2,52.4,-25.44761867,152.9878732,to next Transect point,,,,,
4/07/2014,10:24:21 AM,yellow3,Seaward,40-60m,Point 2,52.4,,,quarter 1,Rhizophora stylosa,0.6,0.8,5,
4/07/2014,10:25:25 AM,yellow3,Seaward,40-60m,Point 2,52.4,,,quarter 2,Rhizophora stylosa,1.5,1.6,20,
4/07/2014,10:26:27 AM,yellow3,Seaward,40-60m,Point 2,52.4,,,quarter 3,Avicennia marina,0.8,1,20,
4/07/2014,10:27:58 AM,yellow3,Seaward,40-60m,Point 2,52.4,,,quarter 4,Avicennia marina,0.4,3,108,
4/07/2014,10:29:16 AM,yellow3,Seaward,60-80m,Point 1,64,-25.44768934,152.9880682,to next Transect point,,,,,
4/07/2014,10:32:24 AM,yellow3,Seaward,60-80m,Point 1,64,,,quarter 1,Rhizophora stylosa,0.1,0.5,6,
4/07/2014,10:33:24 AM,yellow3,Seaward,60-80m,Point 1,64,,,quarter 2,Avicennia marina,1.1,0.6,8,
4/07/2014,10:34:20 AM,yellow3,Seaward,60-80m,Point 1,64,,,quarter 3,Avicennia marina,2,0.3,7,
4/07/2014,10:36:46 AM,yellow3,Seaward,60-80m,Point 1,64,,,quarter 4,Avicennia marina,3.2,2,50,
4/07/2014,10:37:49 AM,yellow3,Seaward,60-80m,Point 2,67,-25.44786611,152.9879717,to next Transect point,,,,,
4/07/2014,10:38:47 AM,yellow3,Seaward,60-80m,Point 2,67,,,quarter 1,Rhizophora stylosa,1,0.7,6,
4/07/2014,10:39:23 AM,yellow3,Seaward,60-80m,Point 2,67,,,quarter 2,Avicennia marina,1.8,1.1,50,
4/07/2014,10:40:15 AM,yellow3,Seaward,60-80m,Point 2,67,,,quarter 3,Avicennia marina,2.1,0.3,4,
4/07/2014,10:41:25 AM,yellow3,Seaward,60-80m,Point 2,67,,,quarter 4,Avicennia marina,3.2,0.6,3,
4/07/2014,12:05:38 PM,conor and ian,Landward-Creek,0-20m,Point 1,11,-25.44821327,152.9899303,,,,,,
4/07/2014,12:10:23 PM,conor and ian,Landward-Creek,0-20m,Point 1,11,,,quarter 1,Avicennia marina,0.4,0.8,17,
4/07/2014,12:11:34 PM,conor and ian,Landward-Creek,0-20m,Point 1,11,,,quarter 2,Osbornia octodonta,0.9,1,15,
4/07/2014,12:13:13 PM,conor and ian,Landward-Creek,0-20m,Point 1,11,,,quarter 3,Aegiceras corniculatum,0.5,0.4,10,
4/07/2014,12:14:00 PM,conor and ian,Landward-Creek,0-20m,Point 1,11,,,quarter 4,Ceriops australis,0.6,0.7,10,
4/07/2014,12:14:47 PM,conor and ian,Landward-Creek,0-20m,Point 2,14,-25.44822932,152.9899305,to next Transect point,,,,,
4/07/2014,12:15:42 PM,conor and ian,Landward-Creek,0-20m,Point 2,14,,,quarter 1,Ceriops australis,0.9,0.8,10,
4/07/2014,12:16:19 PM,conor and ian,Landward-Creek,0-20m,Point 2,14,,,quarter 2,Ceriops australis,0.7,0.8,10,
4/07/2014,12:16:49 PM,conor and ian,Landward-Creek,0-20m,Point 2,14,,,quarter 3,Ceriops australis,0.3,0.6,6,
4/07/2014,12:17:19 PM,conor and ian,Landward-Creek,0-20m,Point 2,14,,,quarter 4,Ceriops australis,0.5,1,10,
4/07/2014,12:18:54 PM,conor and ian,Landward-Creek,20-40m,Point 1,38,-25.44798173,152.9897133,to next Transect point,,,,,
4/07/2014,12:19:22 PM,conor and ian,Landward-Creek,20-40m,Point 1,38,,,quarter 1,Ceriops australis,0.4,0.7,6,
4/07/2014,12:21:11 PM,conor and ian,Landward-Creek,20-40m,Point 1,38,,,quarter 2,Avicennia marina,1,1.3,20,
4/07/2014,12:23:02 PM,conor and ian,Landward-Creek,20-40m,Point 1,38,,,quarter 3,Aegialitis annulata,0.4,0.6,16,
4/07/2014,12:23:35 PM,conor and ian,Landward-Creek,20-40m,Point 1,38,,,quarter 4,Ceriops australis,0.5,0.6,6,
4/07/2014,12:24:38 PM,conor and ian,Landward-Creek,40-60m,Point 1,45,-25.4480398,152.9896554,to next Transect point,,,,,
4/07/2014,12:26:51 PM,conor and ian,Landward-Creek,40-60m,Point 1,45,,,quarter 1,Ceriops australis,0.5,0.9,7,
4/07/2014,12:27:45 PM,conor and ian,Landward-Creek,40-60m,Point 1,45,,,quarter 2,Avicennia marina,0.3,0.8,9,
4/07/2014,12:28:18 PM,conor and ian,Landward-Creek,40-60m,Point 1,45,,,quarter 3,Aegialitis annulata,0.4,0.8,11,
4/07/2014,12:29:55 PM,conor and ian,Landward-Creek,40-60m,Point 1,45,,,quarter 4,Ceriops australis,1,0.7,7,
4/07/2014,12:30:29 PM,conor and ian,Landward-Creek,40-60m,Point 2,48,-25.44807897,152.9897552,to next Transect point,,,,,
4/07/2014,12:30:55 PM,conor and ian,Landward-Creek,40-60m,Point 2,48,,,quarter 1,Aegialitis annulata,0.3,0.6,7,
4/07/2014,12:32:16 PM,conor and ian,Landward-Creek,40-60m,Point 2,48,,,quarter 2,Avicennia marina,1.2,0.8,19,
4/07/2014,12:33:00 PM,conor and ian,Landward-Creek,40-60m,Point 2,48,,,quarter 3,Aegialitis annulata,0.9,0.8,20,
4/07/2014,12:33:56 PM,conor and ian,Landward-Creek,40-60m,Point 2,48,,,quarter 4,Avicennia marina,1,0.7,12,
4/07/2014,12:35:12 PM,conor and ian,Landward-Creek,60-80m,Point 1,64,-25.4479283,152.9895656,to next Transect point,,,,,
4/07/2014,12:36:08 PM,conor and ian,Landward-Creek,60-80m,Point 1,64,,,quarter 1,Avicennia marina,1.5,0.5,12,
4/07/2014,12:36:40 PM,conor and ian,Landward-Creek,60-80m,Point 1,64,,,quarter 2,Avicennia marina,1.5,0.8,23,
4/07/2014,12:37:31 PM,conor and ian,Landward-Creek,60-80m,Point 1,64,,,quarter 3,Avicennia marina,4.2,0.5,6,
4/07/2014,12:38:06 PM,conor and ian,Landward-Creek,60-80m,Point 1,64,,,quarter 4,Avicennia marina,1.6,0.5,5,
4/07/2014,12:39:05 PM,conor and ian,Landward-Creek,80-100m,Point 1,84,-25.44783257,152.9893162,to next Transect point,,,,,
4/07/2014,12:39:34 PM,conor and ian,Landward-Creek,80-100m,Point 1,84,,,quarter 1,Ceriops australis,1,1.1,22,
4/07/2014,12:39:58 PM,conor and ian,Landward-Creek,80-100m,Point 1,84,,,quarter 2,Ceriops australis,1.1,0.6,20,
4/07/2014,12:40:24 PM,conor and ian,Landward-Creek,80-100m,Point 1,84,,,quarter 3,Ceriops australis,1.3,0.8,20,
4/07/2014,12:42:32 PM,conor and ian,Landward-Creek,80-100m,Point 1,84,,,quarter 4,Osbornia octodonta,1.3,0.5,13,
4/07/2014,12:43:19 PM,conor and ian,Landward-Creek,80-100m,Point 2,94,-25.44780684,152.9893129,to next Transect point,,,,,
4/07/2014,12:43:42 PM,conor and ian,Landward-Creek,80-100m,Point 2,94,,,quarter 1,Ceriops australis,0.7,0.4,6,
4/07/2014,12:44:10 PM,conor and ian,Landward-Creek,80-100m,Point 2,94,,,quarter 2,Osbornia octodonta,0.5,0.2,5,
4/07/2014,12:44:54 PM,conor and ian,Landward-Creek,80-100m,Point 2,94,,,quarter 3,Ceriops australis,3,0.4,6,
4/07/2014,12:47:27 PM,conor and ian,Landward-Creek,80-100m,Point 2,94,,,quarter 4,Lumnitzera racemosa,2.4,0.7,15,
3/07/2014,9:46:18 AM,Merch,,,,,,,,,,,,
3/07/2014,9:54:21 AM,Merch,Seaward,0-20m,Point 3,17,-25.44785117,152.987679,,,,,,
3/07/2014,9:58:04 AM,Merch,Seaward,0-20m,Point 3,17,,,quarter 1,Rhizophora stylosa,1.8,2,10,
3/07/2014,9:59:27 AM,Merch,Seaward,0-20m,Point 3,17,,,quarter 2,Rhizophora stylosa,2,1.4,4.5,
3/07/2014,10:03:52 AM,Merch,Seaward,0-20m,Point 3,17,,,quarter 3,Avicennia marina,5.2,5,135,
3/07/2014,10:07:04 AM,Merch,Seaward,20-40m,Point 1,23,-25.44771307,152.9876524,to next Transect point,,,,,
3/07/2014,10:08:44 AM,Merch,Seaward,20-40m,Point 1,23,,,quarter 1,Rhizophora stylosa,1.5,2.5,8,
3/07/2014,10:10:12 AM,Merch,Seaward,20-40m,Point 1,23,,,quarter 2,Rhizophora stylosa,2.2,2,6,
3/07/2014,10:10:56 AM,Merch,Seaward,20-40m,Point 1,23,,,quarter 3,Rhizophora stylosa,1.5,1.4,11,
3/07/2014,10:14:02 AM,Merch,Seaward,20-40m,Point 1,23,,,quarter 4,Avicennia marina,0.8,6,105,
3/07/2014,10:16:06 AM,Merch,Seaward,20-40m,Point 2,38,-25.44767674,152.9877925,to next Transect point,,,,,
3/07/2014,10:18:51 AM,Merch,Seaward,20-40m,Point 2,38,,,quarter 1,Rhizophora stylosa,1.5,2.1,9,
3/07/2014,10:20:27 AM,Merch,Seaward,20-40m,Point 2,38,,,quarter 2,Rhizophora stylosa,1.3,1.6,9,
3/07/2014,10:21:23 AM,Merch,Seaward,20-40m,Point 2,38,,,quarter 3,Rhizophora stylosa,1.7,2.5,10,
3/07/2014,10:22:06 AM,Merch,Seaward,20-40m,Point 2,38,,,quarter 4,Rhizophora stylosa,1.6,1.5,7,
3/07/2014,10:23:26 AM,Merch,Seaward,40-60m,Point 3,54,-25.44774279,152.987856,to next Transect point,,,,,
3/07/2014,10:24:13 AM,Merch,Seaward,40-60m,Point 3,54,,,quarter 1,Avicennia marina,1,0.8,8,
3/07/2014,10:25:39 AM,Merch,Seaward,40-60m,Point 3,54,,,quarter 2,Avicennia marina,1.6,0.9,10,
3/07/2014,10:27:15 AM,Merch,Seaward,40-60m,Point 3,54,,,quarter 3,Avicennia marina,1.8,2,10,
3/07/2014,10:28:49 AM,Merch,Seaward,40-60m,Point 3,54,,,quarter 4,Avicennia marina,1.9,0.7,5,
3/07/2014,10:35:45 AM,Merch,Seaward,60-80m,Point 2,62,-25.4478218,152.9880553,to next Transect point,,,,,
3/07/2014,10:37:02 AM,Merch,Seaward,60-80m,Point 2,62,,,quarter 1,Avicennia marina,1.7,1.5,18,
3/07/2014,10:38:06 AM,Merch,Seaward,60-80m,Point 2,62,,,quarter 2,Rhizophora stylosa,0.8,0.9,14,
3/07/2014,10:39:02 AM,Merch,Seaward,60-80m,Point 2,62,,,quarter 3,Avicennia marina,2.2,1.2,7,
3/07/2014,9:53:34 AM,merch 1,Seaward,0-20m,Point 1,13,-25.4476975,152.9877721,,,,,,
3/07/2014,9:58:44 AM,merch 1,Seaward,0-20m,Point 1,13,,,quarter 1,Rhizophora stylosa,1.5,2.9,20,
3/07/2014,10:00:08 AM,merch 1,Seaward,0-20m,Point 1,13,,,quarter 2,Avicennia marina,1.5,3.3,17,
3/07/2014,10:02:09 AM,merch 1,Seaward,0-20m,Point 1,13,,,quarter 3,Rhizophora stylosa,1.6,3,11.5,
3/07/2014,10:03:49 AM,merch 1,Seaward,0-20m,Point 1,13,,,quarter 4,Rhizophora stylosa,4.2,2.8,13.5,
3/07/2014,10:06:05 AM,merch 1,Seaward,0-20m,Point 2,19,-25.44772699,152.9877676,to next Transect point,,,,,
3/07/2014,10:07:21 AM,merch 1,Seaward,0-20m,Point 2,19,,,quarter 1,Rhizophora stylosa,1.5,2,10,
3/07/2014,10:09:21 AM,merch 1,Seaward,0-20m,Point 2,19,,,quarter 2,Rhizophora stylosa,1.5,1.5,10,
3/07/2014,10:10:29 AM,merch 1,Seaward,0-20m,Point 2,19,,,quarter 3,Avicennia marina,1.4,3.7,52.5,
3/07/2014,10:11:26 AM,merch 1,Seaward,0-20m,Point 2,19,,,quarter 4,Rhizophora stylosa,2.1,1.5,9.8,
3/07/2014,10:12:43 AM,merch 1,Seaward,20-40m,Point 1,27,-25.44771442,152.987759,to next Transect point,,,,,
3/07/2014,10:14:01 AM,merch 1,Seaward,20-40m,Point 1,27,,,quarter 1,Rhizophora stylosa,1.5,4.6,29,
3/07/2014,10:15:41 AM,merch 1,Seaward,20-40m,Point 1,27,,,quarter 2,Rhizophora stylosa,1.8,1.7,11.5,
3/07/2014,10:16:19 AM,merch 1,Seaward,20-40m,Point 1,27,,,quarter 3,Rhizophora stylosa,2.3,3.2,16,
3/07/2014,10:18:13 AM,merch 1,Seaward,20-40m,Point 1,27,,,quarter 4,Avicennia marina,1.7,5,89,
3/07/2014,10:21:03 AM,merch 1,Seaward,40-60m,Point 1,44,-25.4477916,152.9877463,to next Transect point,,,,,
3/07/2014,10:22:09 AM,merch 1,Seaward,40-60m,Point 1,44,,,quarter 1,Rhizophora stylosa,1.5,1.4,11.5,
3/07/2014,10:23:19 AM,merch 1,Seaward,40-60m,Point 1,44,,,quarter 2,Rhizophora stylosa,1.1,1.3,8.5,
3/07/2014,10:24:15 AM,merch 1,Seaward,40-60m,Point 1,44,,,quarter 3,Rhizophora stylosa,1.4,1.2,7,
3/07/2014,10:25:01 AM,merch 1,Seaward,40-60m,Point 1,44,,,quarter 4,Rhizophora stylosa,2.5,1,6,
3/07/2014,10:26:45 AM,merch 1,Seaward,40-60m,Point 2,58,-25.44781453,152.9877991,to next Transect point,,,,,
3/07/2014,10:30:25 AM,merch 1,Seaward,40-60m,Point 2,58,,,quarter 1,Avicennia marina,0.9,0.6,7,
3/07/2014,10:32:01 AM,merch 1,Seaward,40-60m,Point 2,58,,,quarter 2,Avicennia marina,1.5,1.5,15.5,
3/07/2014,10:32:53 AM,merch 1,Seaward,40-60m,Point 2,58,,,quarter 3,Avicennia marina,1.6,1.3,15,
3/07/2014,10:33:37 AM,merch 1,Seaward,40-60m,Point 2,58,,,quarter 4,Avicennia marina,2.5,1,14,
3/07/2014,10:36:05 AM,merch 1,Seaward,60-80m,Point 1,65,-25.44789179,152.9878705,to next Transect point,,,,,
3/07/2014,10:36:42 AM,merch 1,Seaward,60-80m,Point 1,65,,,quarter 1,Avicennia marina,1.3,1.2,10.5,
3/07/2014,10:37:45 AM,merch 1,Seaward,60-80m,Point 1,65,,,quarter 2,Avicennia marina,1.2,1.4,19.5,
3/07/2014,10:39:06 AM,merch 1,Seaward,60-80m,Point 1,65,,,quarter 4,Avicennia marina,1,0.6,10,
3/07/2014,9:53:17 AM,NJMS,Seaward,0-20m,Point 1,8.4,-25.44775601,152.9875803,,,,,,
3/07/2014,9:59:16 AM,NJMS,Seaward,0-20m,Point 1,8.4,,,quarter 1,Rhizophora stylosa,1.3,4.5,29,
3/07/2014,10:06:00 AM,NJMS,Seaward,0-20m,Point 1,8.4,,,quarter 3,Rhizophora stylosa,1.8,4.5,17,
3/07/2014,10:06:20 AM,NJMS,Seaward,0-20m,Point 1,8.4,,,quarter 4,Avicennia marina,2,5,135,
3/07/2014,10:14:32 AM,NJMS,Seaward,20-40m,Point 2,27.3,-25.44782566,152.987696,to next Transect point,,,,,
3/07/2014,10:16:18 AM,NJMS,Seaward,20-40m,Point 2,27.3,,,quarter 1,Rhizophora stylosa,1.4,2.7,11,
3/07/2014,10:18:09 AM,NJMS,Seaward,20-40m,Point 2,27.3,,,quarter 2,Rhizophora stylosa,4.5,1.4,12,
3/07/2014,10:19:05 AM,NJMS,Seaward,20-40m,Point 2,27.3,,,quarter 3,Rhizophora stylosa,2.7,1.8,55,
3/07/2014,10:21:08 AM,NJMS,Seaward,20-40m,Point 2,27.3,,,quarter 4,Rhizophora stylosa,1.7,2.9,25,
3/07/2014,10:22:26 AM,NJMS,Seaward,20-40m,Point 3,33,-25.44781396,152.9877384,to next Transect point,,,,,
3/07/2014,10:24:50 AM,NJMS,Seaward,20-40m,Point 3,33,,,quarter 1,Avicennia marina,1.2,4,53,
3/07/2014,10:26:16 AM,NJMS,Seaward,20-40m,Point 3,33,,,quarter 2,Rhizophora stylosa,0.8,2.1,15,
3/07/2014,10:27:12 AM,NJMS,Seaward,20-40m,Point 3,33,,,quarter 3,Rhizophora stylosa,0.6,3,19,
3/07/2014,10:28:50 AM,NJMS,Seaward,20-40m,Point 3,33,,,quarter 4,Rhizophora stylosa,1.5,2.8,22,
3/07/2014,10:35:43 AM,NJMS,Seaward,40-60m,Point 1,48,-25.44788154,152.9878161,to next Transect point,,,,,
3/07/2014,10:36:53 AM,NJMS,Seaward,40-60m,Point 1,48,,,quarter 1,Avicennia marina,2.2,1.1,17,
3/07/2014,10:38:33 AM,NJMS,Seaward,40-60m,Point 1,48,,,quarter 2,Avicennia marina,2.3,3,32,
3/07/2014,10:40:14 AM,NJMS,Seaward,40-60m,Point 1,48,,,quarter 4,Avicennia marina,1.6,1.5,16,
3/07/2014,10:48:44 AM,NJMS,Seaward,60-80m,Point 2,61.8,-25.44800443,152.9880607,to next Transect point,,,,,
3/07/2014,10:50:19 AM,NJMS,Seaward,60-80m,Point 2,61.8,,,quarter 1,Avicennia marina,2.1,0.8,11,
3/07/2014,10:53:11 AM,NJMS,Seaward,60-80m,Point 2,61.8,,,quarter 2,Avicennia marina,1.8,0.8,15,
3/07/2014,10:55:03 AM,NJMS,Seaward,60-80m,Point 2,61.8,,,quarter 3,Avicennia marina,3.7,2.1,30,
3/07/2014,10:55:55 AM,NJMS,Seaward,60-80m,Point 2,61.8,,,quarter 4,Avicennia marina,1.5,1.2,21,
3/07/2014,9:59:17 AM,NJMS,Seaward,0-20m,Point 1,7,,,quarter 1,Rhizophora stylosa,1.5,3.5,22,
3/07/2014,10:04:24 AM,NJMS,Seaward,0-20m,Point 1,7,,,quarter 2,Avicennia marina,8.8,5.4,161,
3/07/2014,10:07:11 AM,NJMS,Seaward,0-20m,Point 1,7,,,quarter 3,Avicennia marina,2.6,5.9,116,
3/07/2014,10:09:45 AM,NJMS,Seaward,0-20m,Point 1,7,,,quarter 4,Rhizophora stylosa,5.6,2.4,7,
3/07/2014,10:14:14 AM,NJMS,Seaward,0-20m,Point 3,13,,,to next Transect point,,,,,
3/07/2014,10:15:24 AM,NJMS,Seaward,0-20m,Point 3,13,,,quarter 1,Avicennia marina,2,2.4,10,
3/07/2014,10:16:33 AM,NJMS,Seaward,0-20m,Point 3,13,,,quarter 2,Rhizophora stylosa,1.9,1.8,9,
3/07/2014,10:18:39 AM,NJMS,Seaward,0-20m,Point 3,13,,,quarter 3,Avicennia marina,1.8,2.5,17,
3/07/2014,10:23:54 AM,NJMS,Seaward,0-20m,Point 3,13,,,quarter 4,Avicennia marina,5.8,6,163,
3/07/2014,10:27:48 AM,NJMS,Seaward,20-40m,Point 1,32,,,to next Transect point,,,,,
3/07/2014,10:30:08 AM,NJMS,Seaward,20-40m,Point 1,32,,,quarter 1,Rhizophora stylosa,1.5,1.8,11,
3/07/2014,10:31:09 AM,NJMS,Seaward,20-40m,Point 1,32,,,quarter 2,Rhizophora stylosa,2.2,1.8,6,
3/07/2014,10:32:41 AM,NJMS,Seaward,20-40m,Point 1,32,,,quarter 3,Rhizophora stylosa,3.2,2,12,
3/07/2014,10:33:58 AM,NJMS,Seaward,20-40m,Point 1,32,,,quarter 4,Rhizophora stylosa,1.6,2.7,24,
3/07/2014,10:36:35 AM,NJMS,Seaward,40-60m,Point 2,47,,,to next Transect point,,,,,
3/07/2014,10:38:19 AM,NJMS,Seaward,40-60m,Point 2,47,,,quarter 1,Avicennia marina,6.9,1.4,4,
3/07/2014,10:40:21 AM,NJMS,Seaward,40-60m,Point 2,47,,,quarter 2,Avicennia marina,2.6,1.9,12,
3/07/2014,10:42:40 AM,NJMS,Seaward,40-60m,Point 2,47,,,quarter 3,Avicennia marina,1.7,3.1,23,
3/07/2014,10:44:18 AM,NJMS,Seaward,40-60m,Point 2,47,,,quarter 4,Avicennia marina,2.6,2.9,12,
3/07/2014,10:45:26 AM,NJMS,Seaward,40-60m,Point 3,54,-25.44793465,152.9878672,to next Transect point,,,,,
3/07/2014,10:48:01 AM,NJMS,Seaward,40-60m,Point 3,54,,,quarter 1,Avicennia marina,5.7,1.2,14,
3/07/2014,10:48:57 AM,NJMS,Seaward,40-60m,Point 3,54,,,quarter 2,Avicennia marina,2.6,1,9,
3/07/2014,10:50:12 AM,NJMS,Seaward,40-60m,Point 3,54,,,quarter 3,Avicennia marina,1.1,2.2,7,
3/07/2014,10:51:59 AM,NJMS,Seaward,40-60m,Point 3,54,,,quarter 4,Avicennia marina,7.1,2.8,34,
3/07/2014,10:53:40 AM,NJMS,Seaward,60-80m,Point 1,61,-25.44797848,152.9879173,to next Transect point,,,,,
3/07/2014,10:55:01 AM,NJMS,Seaward,60-80m,Point 1,61,,,quarter 1,Avicennia marina,3.2,1.9,7,
3/07/2014,10:56:42 AM,NJMS,Seaward,60-80m,Point 1,61,,,quarter 2,Osbornia octodonta,0.3,0.5,6,
3/07/2014,10:57:32 AM,NJMS,Seaward,60-80m,Point 1,61,,,quarter 3,Avicennia marina,2.3,0.7,7,
3/07/2014,10:57:32 AM,NJMS,Seaward,60-80m,Point 1,61,,,quarter 3,Avicennia marina,2.3,0.7,7,
3/07/2014,11:49:37 AM,ovt,Landward-Creek,0-20m,Point 1,9,-25.4482002,152.9898176,,,,,,
3/07/2014,11:51:01 AM,ovt,Landward-Creek,0-20m,Point 1,9,,,quarter 1,Osbornia octodonta,0.4,0.8,5,
3/07/2014,11:52:23 AM,ovt,Landward-Creek,0-20m,Point 1,9,,,quarter 2,Rhizophora stylosa,0.5,0.8,9,
3/07/2014,11:53:14 AM,ovt,Landward-Creek,0-20m,Point 1,9,,,quarter 3,Osbornia octodonta,0.4,0.4,1,
3/07/2014,11:54:29 AM,ovt,Landward-Creek,0-20m,Point 2,14,-25.44827374,152.989901,to next Transect point,,,,,
3/07/2014,11:56:27 AM,ovt,Landward-Creek,0-20m,Point 2,14,,,quarter 1,Osbornia octodonta,0.4,0.2,3,
3/07/2014,11:57:46 AM,ovt,Landward-Creek,0-20m,Point 2,14,,,quarter 2,Avicennia marina,0.6,0.8,18,
3/07/2014,11:58:10 AM,ovt,Landward-Creek,0-20m,Point 2,14,,,quarter 3,Osbornia octodonta,0.5,0.4,2,
3/07/2014,11:58:50 AM,ovt,Landward-Creek,0-20m,Point 2,14,,,quarter 4,Rhizophora stylosa,0.7,0.4,3,
3/07/2014,12:03:27 PM,ovt,Landward-Creek,20-40m,Point 1,31.5,-25.44820787,152.9896845,to next Transect point,,,,,
3/07/2014,12:04:14 PM,ovt,Landward-Creek,20-40m,Point 1,31.5,,,quarter 1,Osbornia octodonta,0.4,0.2,1,
3/07/2014,12:04:38 PM,ovt,Landward-Creek,20-40m,Point 1,31.5,,,quarter 2,Rhizophora stylosa,0.8,0.5,4,
3/07/2014,12:05:42 PM,ovt,Landward-Creek,20-40m,Point 1,31.5,,,quarter 3,Avicennia marina,0.9,1,25,
3/07/2014,12:06:12 PM,ovt,Landward-Creek,20-40m,Point 1,31.5,,,quarter 4,Osbornia octodonta,0.8,0.4,2,
3/07/2014,12:07:20 PM,ovt,Landward-Creek,20-40m,Point 2,33.3,-25.44817482,152.9897174,to next Transect point,,,,,
3/07/2014,12:08:02 PM,ovt,Landward-Creek,20-40m,Point 2,33.3,,,quarter 1,Rhizophora stylosa,0.9,0.8,14,
3/07/2014,12:08:56 PM,ovt,Landward-Creek,20-40m,Point 2,33.3,,,quarter 2,Osbornia octodonta,0.6,0.4,2,
3/07/2014,12:09:47 PM,ovt,Landward-Creek,20-40m,Point 2,33.3,,,quarter 3,Aegialitis annulata,0.8,0.3,3,
3/07/2014,12:10:26 PM,ovt,Landward-Creek,20-40m,Point 2,33.3,,,quarter 4,Osbornia octodonta,0.9,0.7,10,
3/07/2014,12:12:05 PM,ovt,Landward-Creek,40-60m,Point 1,45,-25.44820255,152.9894608,to next Transect point,,,,,
3/07/2014,12:13:11 PM,ovt,Landward-Creek,40-60m,Point 1,45,,,quarter 1,Avicennia marina,0.9,0.9,24,
3/07/2014,12:13:27 PM,ovt,Landward-Creek,40-60m,Point 1,45,,,quarter 2,Avicennia marina,1.2,0.3,10,
3/07/2014,12:14:31 PM,ovt,Landward-Creek,40-60m,Point 1,45,,,quarter 3,Aegialitis annulata,1.6,0.3,7,
3/07/2014,12:14:58 PM,ovt,Landward-Creek,40-60m,Point 1,45,,,quarter 4,Avicennia marina,0.9,0.6,17,
3/07/2014,12:16:15 PM,ovt,Landward-Creek,40-60m,Point 2,50.3,-25.44813315,152.9895505,to next Transect point,,,,,
3/07/2014,12:17:09 PM,ovt,Landward-Creek,40-60m,Point 2,50.3,,,quarter 1,Avicennia marina,3.1,0.8,16,
3/07/2014,12:18:58 PM,ovt,Landward-Creek,40-60m,Point 2,50.3,,,quarter 2,Avicennia marina,4.2,0.4,19,
3/07/2014,12:19:47 PM,ovt,Landward-Creek,40-60m,Point 2,50.3,,,quarter 3,Avicennia marina,1.4,0.5,10,
3/07/2014,12:22:16 PM,ovt,Landward-Creek,40-60m,Point 2,50.3,,,quarter 4,Aegialitis annulata,0.5,0.1,4,
3/07/2014,12:24:01 PM,ovt,Landward-Creek,60-80m,Point 1,72,-25.44804972,152.9893873,to next Transect point,,,,,
3/07/2014,12:24:59 PM,ovt,Landward-Creek,60-80m,Point 1,72,,,quarter 1,Osbornia octodonta,0.1,0.3,3,
3/07/2014,12:25:23 PM,ovt,Landward-Creek,60-80m,Point 1,72,,,quarter 2,Osbornia octodonta,0.2,0.2,1,
3/07/2014,12:25:57 PM,ovt,Landward-Creek,60-80m,Point 1,72,,,quarter 3,Osbornia octodonta,0.5,0.2,0.7,
3/07/2014,12:26:16 PM,ovt,Landward-Creek,60-80m,Point 1,72,,,quarter 4,Osbornia octodonta,0.7,0.3,2,
3/07/2014,12:26:59 PM,ovt,Landward-Creek,60-80m,Point 2,77.7,-25.4479287,152.9893522,to next Transect point,,,,,
3/07/2014,12:27:22 PM,ovt,Landward-Creek,60-80m,Point 2,77.7,,,quarter 1,Osbornia octodonta,0.5,0.1,1,
3/07/2014,12:27:37 PM,ovt,Landward-Creek,60-80m,Point 2,77.7,,,quarter 2,Rhizophora stylosa,0.5,0.5,5,
3/07/2014,12:28:17 PM,ovt,Landward-Creek,60-80m,Point 2,77.7,,,quarter 3,Osbornia octodonta,0.3,0.2,0.8,
3/07/2014,12:29:14 PM,ovt,Landward-Creek,60-80m,Point 2,77.7,,,quarter 4,Ceriops australis,1.5,0.5,5,
3/07/2014,12:29:49 PM,ovt,Landward-Creek,80-100m,Point 1,92,-25.44777957,152.9892041,to next Transect point,,,,,
3/07/2014,12:30:17 PM,ovt,Landward-Creek,80-100m,Point 1,92,,,quarter 1,Rhizophora stylosa,0.5,0.4,3,
3/07/2014,12:30:36 PM,ovt,Landward-Creek,80-100m,Point 1,92,,,quarter 2,Rhizophora stylosa,0.7,0.6,6,
3/07/2014,12:30:49 PM,ovt,Landward-Creek,80-100m,Point 1,92,,,quarter 3,Rhizophora stylosa,0.2,0.4,5,
3/07/2014,12:31:11 PM,ovt,Landward-Creek,80-100m,Point 1,92,,,quarter 4,Rhizophora stylosa,0.6,0.4,4,
3/07/2014,12:31:50 PM,ovt,Landward-Creek,80-100m,Point 2,97,-25.44780857,152.9892161,to next Transect point,,,,,
3/07/2014,12:32:12 PM,ovt,Landward-Creek,80-100m,Point 2,97,,,quarter 1,Osbornia octodonta,0.8,0.4,6,
3/07/2014,12:32:43 PM,ovt,Landward-Creek,80-100m,Point 2,97,,,quarter 2,Osbornia octodonta,0.8,0.5,6,
3/07/2014,12:33:12 PM,ovt,Landward-Creek,80-100m,Point 2,97,,,quarter 3,Osbornia octodonta,0.7,0.2,4,
3/07/2014,12:33:37 PM,ovt,Landward-Creek,80-100m,Point 2,97,,,quarter 4,Ceriops australis,0.9,0.4,5,
5/07/2014,9:56:32 AM,Blue 2 Group 2,Seaward,20-40m,Point 1,27,-25.44802583,152.9874224,to next Transect point,,,,,
5/07/2014,9:59:09 AM,Blue 2 Group 2,Seaward,20-40m,Point 1,27,,,quarter 1,Rhizophora stylosa,1.6,2.2,17,
5/07/2014,10:01:51 AM,Blue 2 Group 2,Seaward,20-40m,Point 1,27,,,quarter 2,Rhizophora stylosa,4.1,3.2,15,
5/07/2014,10:03:13 AM,Blue 2 Group 2,Seaward,20-40m,Point 1,27,,,quarter 3,Rhizophora stylosa,1.8,1.7,17,
5/07/2014,10:09:00 AM,Blue 2 Group 2,Seaward,40-60m,Point 1,47,-25.44805614,152.987572,to next Transect point,,,,,
5/07/2014,10:10:32 AM,Blue 2 Group 2,Seaward,40-60m,Point 1,47,,,quarter 1,Rhizophora stylosa,0.6,1.1,13,
5/07/2014,10:11:57 AM,Blue 2 Group 2,Seaward,40-60m,Point 1,47,,,quarter 2,Avicennia marina,1.1,4.2,69,
5/07/2014,10:13:03 AM,Blue 2 Group 2,Seaward,40-60m,Point 1,47,,,quarter 3,Rhizophora stylosa,1.8,3.3,17,
5/07/2014,10:18:56 AM,Blue 2 Group 2,Seaward,40-60m,Point 1,47,,,quarter 4,Avicennia marina,0.7,0.9,10,
5/07/2014,10:20:46 AM,Blue 2 Group 2,Seaward,40-60m,Point 2,59,-25.44807413,152.9875253,to next Transect point,,,,,
5/07/2014,10:21:58 AM,Blue 2 Group 2,Seaward,40-60m,Point 2,59,,,quarter 1,Rhizophora stylosa,1.6,1.1,10,
5/07/2014,10:23:09 AM,Blue 2 Group 2,Seaward,40-60m,Point 2,59,,,quarter 2,Avicennia marina,1.5,2.8,28,
5/07/2014,10:24:17 AM,Blue 2 Group 2,Seaward,40-60m,Point 2,59,,,quarter 3,Rhizophora stylosa,1.2,1.8,12,
5/07/2014,10:25:08 AM,Blue 2 Group 2,Seaward,40-60m,Point 2,59,,,quarter 4,Rhizophora stylosa,1.1,1.1,6,
5/07/2014,10:32:07 AM,Blue 2 Group 2,Seaward,60-80m,Point 1,75,-25.44826,152.9876603,to next Transect point,,,,,
5/07/2014,10:33:34 AM,Blue 2 Group 2,Seaward,60-80m,Point 1,75,,,quarter 1,Avicennia marina,3,0.5,4,
5/07/2014,10:35:57 AM,Blue 2 Group 2,Seaward,60-80m,Point 1,75,,,quarter 2,Avicennia marina,0.6,0.5,5,
5/07/2014,10:37:01 AM,Blue 2 Group 2,Seaward,60-80m,Point 1,75,,,quarter 3,Avicennia marina,0.9,0.7,5,
5/07/2014,10:40:16 AM,Blue 2 Group 2,Seaward,60-80m,Point 1,75,,,quarter 4,Avicennia marina,1.5,0.5,5,
5/07/2014,10:47:38 AM,Blue 2 Group 2,Seaward,80-100m,Point 1,81,-25.44820205,152.9878105,to next Transect point,,,,,
5/07/2014,10:48:59 AM,Blue 2 Group 2,Seaward,80-100m,Point 1,81,,,quarter 1,Avicennia marina,0.6,0.5,7,
5/07/2014,10:50:07 AM,Blue 2 Group 2,Seaward,80-100m,Point 1,81,,,quarter 2,Avicennia marina,1.5,0.7,13,
5/07/2014,10:51:34 AM,Blue 2 Group 2,Seaward,80-100m,Point 1,81,,,quarter 3,Avicennia marina,0.4,1,12,
5/07/2014,10:52:55 AM,Blue 2 Group 2,Seaward,80-100m,Point 1,81,,,quarter 4,Rhizophora stylosa,1.3,0.4,6,
5/07/2014,10:54:03 AM,Blue 2 Group 2,Seaward,80-100m,Point 3,85,-25.44821981,152.9878274,to next Transect point,,,,,
5/07/2014,10:55:13 AM,Blue 2 Group 2,Seaward,80-100m,Point 3,85,,,quarter 1,Rhizophora stylosa,0.8,0.9,6,
5/07/2014,10:55:59 AM,Blue 2 Group 2,Seaward,80-100m,Point 3,85,,,quarter 2,Rhizophora stylosa,1.1,0.7,6,
5/07/2014,10:57:05 AM,Blue 2 Group 2,Seaward,80-100m,Point 3,85,,,quarter 3,Avicennia marina,1,0.5,7,
5/07/2014,10:58:19 AM,Blue 2 Group 2,Seaward,80-100m,Point 3,85,,,quarter 4,Aegialitis annulata,0.9,0.5,14,
5/07/2014,9:55:08 AM,blue 2 group 1,Seaward,0-20m,Point 1,19,-25.44798638,152.9872127,,,,,,
5/07/2014,9:58:46 AM,blue 2 group 1,Seaward,0-20m,Point 1,19,,,quarter 1,Rhizophora stylosa,2.4,3,9.5,
5/07/2014,9:59:59 AM,blue 2 group 1,Seaward,0-20m,Point 1,19,,,quarter 2,Rhizophora stylosa,2.5,3,12.5,
5/07/2014,10:02:16 AM,blue 2 group 1,Seaward,0-20m,Point 1,19,,,quarter 3,Rhizophora stylosa,3.1,2.6,10,
5/07/2014,10:04:50 AM,blue 2 group 1,Seaward,20-40m,Point 1,27.5,-25.44799151,152.9872068,to next Transect point,,,,,
5/07/2014,10:06:11 AM,blue 2 group 1,Seaward,20-40m,Point 1,27.5,,,quarter 1,Avicennia marina,2.6,6,106,
5/07/2014,10:08:26 AM,blue 2 group 1,Seaward,20-40m,Point 1,27.5,,,quarter 2,Avicennia marina,3.1,5.1,183,
5/07/2014,10:09:48 AM,blue 2 group 1,Seaward,20-40m,Point 1,27.5,,,quarter 3,Rhizophora stylosa,5.1,1.1,5,
5/07/2014,10:11:03 AM,blue 2 group 1,Seaward,20-40m,Point 1,27.5,,,quarter 4,Rhizophora stylosa,3.2,2.9,12,
5/07/2014,10:15:05 AM,blue 2 group 1,Seaward,20-40m,Point 2,38,-25.44801926,152.987227,to next Transect point,,,,,
5/07/2014,10:15:50 AM,blue 2 group 1,Seaward,20-40m,Point 2,38,,,quarter 1,Rhizophora stylosa,1.2,4.2,19,
5/07/2014,10:17:04 AM,blue 2 group 1,Seaward,20-40m,Point 2,38,,,quarter 2,Rhizophora stylosa,1.6,5.5,16.5,
5/07/2014,10:17:58 AM,blue 2 group 1,Seaward,20-40m,Point 2,38,,,quarter 3,Rhizophora stylosa,0.6,2.6,16.5,
5/07/2014,10:18:36 AM,blue 2 group 1,Seaward,20-40m,Point 2,38,,,quarter 4,Rhizophora stylosa,0.6,1.5,6,
5/07/2014,10:23:01 AM,blue 2 group 1,Seaward,40-60m,Point 1,47,-25.4480173,152.987259,to next Transect point,,,,,
5/07/2014,10:23:50 AM,blue 2 group 1,Seaward,40-60m,Point 1,47,,,quarter 1,Rhizophora stylosa,1.4,2.1,17,
5/07/2014,10:24:45 AM,blue 2 group 1,Seaward,40-60m,Point 1,47,,,quarter 2,Rhizophora stylosa,1.2,1.5,10.5,
5/07/2014,10:25:30 AM,blue 2 group 1,Seaward,40-60m,Point 1,47,,,quarter 3,Rhizophora stylosa,0.9,1.4,7,
5/07/2014,10:26:58 AM,blue 2 group 1,Seaward,40-60m,Point 1,47,,,quarter 4,Rhizophora stylosa,1.3,2.1,20.5,
5/07/2014,10:31:43 AM,blue 2 group 1,Seaward,60-80m,Point 1,61,-25.4480199,152.987266,to next Transect point,,,,,
5/07/2014,10:33:22 AM,blue 2 group 1,Seaward,60-80m,Point 1,61,,,quarter 1,Rhizophora stylosa,0.8,1.5,11,
5/07/2014,10:34:02 AM,blue 2 group 1,Seaward,60-80m,Point 1,61,,,quarter 2,Rhizophora stylosa,0.9,1.3,8,
5/07/2014,10:34:30 AM,blue 2 group 1,Seaward,60-80m,Point 1,61,,,quarter 3,Rhizophora stylosa,0.9,1.4,11,
5/07/2014,10:35:21 AM,blue 2 group 1,Seaward,60-80m,Point 1,61,,,quarter 4,Rhizophora stylosa,1,0.5,13,
5/07/2014,10:37:12 AM,blue 2 group 1,Seaward,60-80m,Point 2,73,-25.44848255,152.9877537,to next Transect point,,,,,
5/07/2014,10:37:59 AM,blue 2 group 1,Seaward,60-80m,Point 2,73,,,quarter 1,Avicennia marina,1.3,1.2,12,
5/07/2014,10:38:53 AM,blue 2 group 1,Seaward,60-80m,Point 2,73,,,quarter 2,Avicennia marina,0.8,0.8,6,
5/07/2014,10:41:37 AM,blue 2 group 1,Seaward,60-80m,Point 2,73,,,quarter 3,Avicennia marina,2.4,2.5,56.5,
5/07/2014,10:42:33 AM,blue 2 group 1,Seaward,60-80m,Point 2,73,,,quarter 4,Rhizophora stylosa,1.2,1.1,5.5,
5/07/2014,10:48:32 AM,blue 2 group 1,Seaward,80-100m,Point 1,81,-25.44838433,152.9880056,to next Transect point,,,,,
5/07/2014,10:49:15 AM,blue 2 group 1,Seaward,80-100m,Point 1,81,,,quarter 1,Avicennia marina,0.4,0.6,13,
5/07/2014,10:50:07 AM,blue 2 group 1,Seaward,80-100m,Point 1,81,,,quarter 2,Avicennia marina,0.7,0.4,2,
5/07/2014,10:50:49 AM,blue 2 group 1,Seaward,80-100m,Point 1,81,,,quarter 3,Avicennia marina,0.1,0.6,1,
5/07/2014,10:51:38 AM,blue 2 group 1,Seaward,80-100m,Point 1,81,,,quarter 4,Avicennia marina,0.4,0.7,9.5,
5/07/2014,9:53:38 AM,blue community 2.2,Seaward,20-40m,Point 1,28,-25.44816907,152.9872244,,,,,,
5/07/2014,9:57:23 AM,blue community 2.2,Seaward,20-40m,Point 1,28,,,quarter 1,Rhizophora stylosa,1.5,3.1,37,
5/07/2014,10:03:38 AM,blue community 2.2,Seaward,20-40m,Point 1,28,,,quarter 2,Avicennia marina,3.3,4.7,93,
5/07/2014,10:07:35 AM,blue community 2.2,Seaward,20-40m,Point 1,28,,,quarter 3,Avicennia marina,9.8,6.3,24,
5/07/2014,10:09:27 AM,blue community 2.2,Seaward,20-40m,Point 1,28,,,quarter 4,Rhizophora stylosa,4.5,4,49,
5/07/2014,10:11:24 AM,blue community 2.2,Seaward,20-40m,Point 2,36,-25.44819975,152.9873049,to next Transect point,,,,,
5/07/2014,10:15:34 AM,blue community 2.2,Seaward,20-40m,Point 2,34,,,quarter 1,Rhizophora stylosa,1,1.5,11,
5/07/2014,10:16:29 AM,blue community 2.2,Seaward,20-40m,Point 2,34,,,quarter 2,Rhizophora stylosa,2.3,1.3,6,
5/07/2014,10:17:04 AM,blue community 2.2,Seaward,20-40m,Point 2,34,,,quarter 3,Rhizophora stylosa,1.1,3.1,15,
5/07/2014,10:17:46 AM,blue community 2.2,Seaward,20-40m,Point 2,34,,,quarter 4,Rhizophora stylosa,0.9,1.4,5,
5/07/2014,10:19:14 AM,blue community 2.2,Seaward,40-60m,Point 1,50,-25.44819517,152.9873489,to next Transect point,,,,,
5/07/2014,10:20:14 AM,blue community 2.2,Seaward,40-60m,Point 1,50,,,quarter 1,Rhizophora stylosa,1.1,2,12,
5/07/2014,10:21:02 AM,blue community 2.2,Seaward,40-60m,Point 1,50,,,quarter 2,Rhizophora stylosa,1.5,2.1,16,
5/07/2014,10:22:06 AM,blue community 2.2,Seaward,40-60m,Point 1,50,,,quarter 3,Rhizophora stylosa,2.7,2.5,27,
5/07/2014,10:22:53 AM,blue community 2.2,Seaward,40-60m,Point 1,50,,,quarter 4,Avicennia marina,1.6,1.8,11,
5/07/2014,10:28:33 AM,blue community 2.2,Seaward,60-80m,Point 1,66,-25.44831694,152.9875498,to next Transect point,,,,,
5/07/2014,10:29:59 AM,blue community 2.2,Seaward,60-80m,Point 1,66,,,quarter 1,Avicennia marina,0.8,1.3,14,
5/07/2014,10:31:35 AM,blue community 2.2,Seaward,60-80m,Point 1,66,,,quarter 2,Avicennia marina,1.7,1,10,
5/07/2014,10:32:13 AM,blue community 2.2,Seaward,60-80m,Point 1,66,,,quarter 3,Rhizophora stylosa,0.8,1.4,10,
5/07/2014,10:33:23 AM,blue community 2.2,Seaward,60-80m,Point 1,66,,,quarter 4,Avicennia marina,2.4,2.1,11,
5/07/2014,10:34:03 AM,blue community 2.2,Seaward,60-80m,Point 2,71,-25.44832608,152.9875775,to next Transect point,,,,,
5/07/2014,10:34:43 AM,blue community 2.2,Seaward,60-80m,Point 2,71,,,quarter 1,Avicennia marina,0.9,0.8,10,
5/07/2014,10:35:55 AM,blue community 2.2,Seaward,60-80m,Point 2,71,,,quarter 2,Avicennia marina,1.7,1.8,30,
5/07/2014,10:36:38 AM,blue community 2.2,Seaward,60-80m,Point 2,71,,,quarter 3,Avicennia marina,2.5,1.2,19,
5/07/2014,10:38:18 AM,blue community 2.2,Seaward,60-80m,Point 2,71,,,quarter 4,Avicennia marina,2.2,1.1,31,
5/07/2014,10:39:38 AM,blue community 2.2,Seaward,80-100m,Point 1,83,-25.44835112,152.9875916,to next Transect point,,,,,
5/07/2014,10:40:28 AM,blue community 2.2,Seaward,80-100m,Point 1,83,,,quarter 1,Rhizophora stylosa,11,1,6,
5/07/2014,10:41:30 AM,blue community 2.2,Seaward,80-100m,Point 1,83,,,quarter 2,Avicennia marina,1.5,1.2,17,
5/07/2014,10:42:32 AM,blue community 2.2,Seaward,80-100m,Point 1,83,,,quarter 3,Avicennia marina,1.3,1.2,20,
5/07/2014,10:43:24 AM,blue community 2.2,Seaward,80-100m,Point 1,83,,,quarter 4,Avicennia marina,1,2.2,7,
5/07/2014,9:50:43 AM,blue 2.1,Seaward,0-20m,Point 1,55,-25.44796749,152.9870833,quarter 1,Rhizophora stylosa,4.3,2.3,23,
5/07/2014,9:52:55 AM,blue 2.1,Seaward,0-20m,Point 1,55,-25.44796749,152.9870833,quarter 2,Rhizophora stylosa,10.2,2.2,20,
5/07/2014,9:59:18 AM,blue 2.1,Seaward,0-20m,Point 1,55,-25.44796749,152.9870833,quarter 3,Avicennia marina,10,5,200,
5/07/2014,10:00:26 AM,blue 2.1,Seaward,0-20m,Point 1,55,-25.44796749,152.9870833,quarter 4,Rhizophora stylosa,8,3.2,30,
5/07/2014,10:05:23 AM,blue 2.1,Seaward,20-40m,Point 1,34,-25.44796749,152.9870833,quarter 1,Rhizophora stylosa,1.3,1.6,9,
5/07/2014,10:05:58 AM,blue 2.1,Seaward,20-40m,Point 1,34,-25.44796749,152.9870833,quarter 2,Rhizophora stylosa,2.2,1.1,8,
5/07/2014,10:06:38 AM,blue 2.1,Seaward,20-40m,Point 1,34,-25.44796749,152.9870833,quarter 3,Rhizophora stylosa,1.1,1.1,9.5,
5/07/2014,10:07:20 AM,blue 2.1,Seaward,20-40m,Point 1,34,-25.44796749,152.9870833,quarter 4,Rhizophora stylosa,1.3,1.6,12,
5/07/2014,10:14:03 AM,blue 2.1,Seaward,40-60m,Point 1,50,-25.44796749,152.9870833,quarter 1,Rhizophora stylosa,1.2,2.3,21,
5/07/2014,10:14:47 AM,blue 2.1,Seaward,40-60m,Point 1,50,-25.44796749,152.9870833,quarter 2,Rhizophora stylosa,0.6,2.2,14,
5/07/2014,10:15:38 AM,blue 2.1,Seaward,40-60m,Point 1,50,-25.44796749,152.9870833,quarter 3,Rhizophora stylosa,1.5,1.2,8,
5/07/2014,10:16:43 AM,blue 2.1,Seaward,40-60m,Point 1,50,-25.44796749,152.9870833,quarter 4,Rhizophora stylosa,1.3,1.3,6,
5/07/2014,10:20:37 AM,blue 2.1,Seaward,40-60m,Point 2,59,-25.44796749,152.9870833,quarter 1,Rhizophora stylosa,1.7,2.8,14,
5/07/2014,10:21:18 AM,blue 2.1,Seaward,40-60m,Point 2,59,-25.44796749,152.9870833,quarter 2,Rhizophora stylosa,1.2,2.1,12,
5/07/2014,10:22:09 AM,blue 2.1,Seaward,40-60m,Point 2,59,-25.44796749,152.9870833,quarter 3,Rhizophora stylosa,1.1,1.2,10,
5/07/2014,10:22:39 AM,blue 2.1,Seaward,40-60m,Point 2,59,-25.44796749,152.9870833,quarter 4,Rhizophora stylosa,1.5,2.3,15,
5/07/2014,10:24:47 AM,blue 2.1,Seaward,60-80m,Point 1,62,-25.44796749,152.9870833,quarter 1,Avicennia marina,0.6,1.9,20.5,
5/07/2014,10:26:22 AM,blue 2.1,Seaward,60-80m,Point 1,62,-25.44796749,152.9870833,quarter 2,Rhizophora stylosa,0.6,2.2,16,
5/07/2014,10:33:22 AM,blue 2.1,Seaward,60-80m,Point 1,62,-25.44796749,152.9870833,quarter 3,Rhizophora stylosa,0.5,1.7,10,
5/07/2014,10:34:10 AM,blue 2.1,Seaward,60-80m,Point 1,62,-25.44796749,152.9870833,quarter 4,Rhizophora stylosa,1.5,1.9,14.5,
5/07/2014,10:41:54 AM,blue 2.1,Seaward,80-100m,Point 1,81,-25.44796749,152.9870833,quarter 1,Avicennia marina,0.7,1,10,
5/07/2014,10:43:55 AM,blue 2.1,Seaward,80-100m,Point 1,81,-25.44796749,152.9870833,quarter 2,Rhizophora stylosa,0.6,1,13,
5/07/2014,10:44:40 AM,blue 2.1,Seaward,80-100m,Point 1,81,-25.44796749,152.9870833,quarter 3,Avicennia marina,1.1,1.5,18,
5/07/2014,10:45:27 AM,blue 2.1,Seaward,80-100m,Point 1,81,-25.44796749,152.9870833,quarter 4,Avicennia marina,1,1.2,11,
5/07/2014,10:47:27 AM,blue 2.1,Seaward,80-100m,Point 2,84,-25.44796749,152.9870833,quarter 1,Avicennia marina,5,1.1,10,
5/07/2014,10:47:43 AM,blue 2.1,Seaward,80-100m,Point 2,84,-25.44796749,152.9870833,quarter 2,Avicennia marina,0.6,0.7,8,
5/07/2014,10:48:33 AM,blue 2.1,Seaward,80-100m,Point 2,84,-25.44796749,152.9870833,quarter 3,Avicennia marina,0.4,0.6,9,
5/07/2014,10:49:01 AM,blue 2.1,Seaward,80-100m,Point 2,84,-25.44796749,152.9870833,quarter 4,Aegialitis annulata,0.8,0.5,13,
6/07/2014,12:39:13 PM,Kerstin and Annie,Landward-Creek,0-20m,Point 1,7,,,,,,,,
6/07/2014,12:40:44 PM,Kerstin and Annie,Landward-Creek,0-20m,Point 1,7,,,quarter 1,Rhizophora stylosa,1.5,1.7,7,
6/07/2014,12:41:39 PM,Kerstin and Annie,Landward-Creek,0-20m,Point 1,7,,,quarter 2,Rhizophora stylosa,0.5,2.2,20,
6/07/2014,12:42:24 PM,Kerstin and Annie,Landward-Creek,0-20m,Point 1,7,,,quarter 3,Aegialitis annulata,1,1.7,15,
6/07/2014,12:42:54 PM,Kerstin and Annie,Landward-Creek,0-20m,Point 1,7,,,quarter 4,Rhizophora stylosa,3,2.3,30,
6/07/2014,12:46:29 PM,Kerstin and Annie,Landward-Creek,20-40m,Point 1,23,,,to next Transect point,,,,,
6/07/2014,12:47:08 PM,Kerstin and Annie,Landward-Creek,20-40m,Point 1,23,,,quarter 1,Aegialitis annulata,1.7,2.4,13,
6/07/2014,12:47:54 PM,Kerstin and Annie,Landward-Creek,20-40m,Point 1,23,,,quarter 2,Aegialitis annulata,2.3,1.3,8,
6/07/2014,12:48:45 PM,Kerstin and Annie,Landward-Creek,20-40m,Point 1,23,,,quarter 3,Rhizophora stylosa,4.5,4,64,
6/07/2014,12:49:39 PM,Kerstin and Annie,Landward-Creek,20-40m,Point 1,23,,,quarter 4,Rhizophora stylosa,2.4,3,25,
6/07/2014,12:51:22 PM,Kerstin and Annie,Landward-Creek,20-40m,Point 2,33.6,,,to next Transect point,,,,,
6/07/2014,12:51:22 PM,Kerstin and Annie,Landward-Creek,20-40m,Point 2,33.6,,,quarter 1,Ceriops australis,0.8,1.9,15.5,
6/07/2014,12:51:22 PM,Kerstin and Annie,Landward-Creek,20-40m,Point 2,33.6,,,quarter 2,Ceriops australis,1.2,2.1,30,
6/07/2014,12:51:22 PM,Kerstin and Annie,Landward-Creek,20-40m,Point 2,33.6,,,quarter 3,Ceriops australis,0.5,1.7,26,
6/07/2014,12:52:55 PM,Kerstin and Annie,Landward-Creek,20-40m,Point 2,33.6,,,quarter 4,Ceriops australis,0.3,2,17,
6/07/2014,12:54:39 PM,Kerstin and Annie,Landward-Creek,40-60m,Point 1,44.2,,,to next Transect point,,,,,
6/07/2014,12:55:28 PM,Kerstin and Annie,Landward-Creek,40-60m,Point 1,44.2,,,quarter 1,Aegialitis annulata,1.6,1.3,15,
6/07/2014,12:57:09 PM,Kerstin and Annie,Landward-Creek,40-60m,Point 1,44.2,,,quarter 2,Aegialitis annulata,3,1.6,25,
6/07/2014,12:57:09 PM,Kerstin and Annie,Landward-Creek,40-60m,Point 1,44.2,,,quarter 3,Aegialitis annulata,0.2,1.5,33,
6/07/2014,12:57:09 PM,Kerstin and Annie,Landward-Creek,40-60m,Point 1,44.2,,,quarter 4,Aegialitis annulata,0.6,1.8,21,
6/07/2014,12:52:41 PM,shithouse 1,Landward-Creek,0-20m,Point 1,3,-25.44776504,152.9902237,quarter 1,Osbornia octodonta,0.2,1.6,86,
6/07/2014,12:53:36 PM,shithouse 1,Landward-Creek,0-20m,Point 1,3,-25.44776504,152.9902237,quarter 2,Ceriops australis,1,2,200,
6/07/2014,12:55:22 PM,shithouse 1,Landward-Creek,0-20m,Point 1,3,-25.44776504,152.9902237,quarter 3,Avicennia marina,6,3.5,150,
6/07/2014,1:00:12 PM,shithouse 1,Landward-Creek,0-20m,Point 1,3,-25.44776504,152.9902237,quarter 4,Aegiceras corniculatum,6,1.5,60,
6/07/2014,1:11:09 PM,shithouse 1,Landward-Creek,20-40m,Point 1,21,-25.44773052,152.9902649,quarter 1,Rhizophora stylosa,7,1.7,15,
6/07/2014,1:13:13 PM,shithouse 1,Landward-Creek,20-40m,Point 1,21,-25.44773052,152.9902649,quarter 2,Rhizophora stylosa,5,2,20,
6/07/2014,1:16:54 PM,shithouse 1,Landward-Creek,20-40m,Point 1,21,-25.44773052,152.9902649,quarter 2,Aegialitis annulata,4,3,30,
6/07/2014,1:19:09 PM,shithouse 1,Landward-Creek,20-40m,Point 1,21,-25.44773052,152.9902649,quarter 4,Rhizophora stylosa,12,2,32,
6/07/2014,1:23:04 PM,shithouse 1,Landward-Creek,20-40m,Point 2,26,-25.44773052,152.9902649,quarter 1,Rhizophora stylosa,3,2,30,
6/07/2014,1:23:55 PM,shithouse 1,Landward-Creek,20-40m,Point 2,26,-25.44773052,152.9902649,quarter 2,Rhizophora stylosa,2,2.5,60,
6/07/2014,1:25:27 PM,shithouse 1,Landward-Creek,20-40m,Point 2,26,-25.44773052,152.9902649,quarter 3,Avicennia marina,3,2.7,20,
6/07/2014,1:26:52 PM,shithouse 1,Landward-Creek,20-40m,Point 2,26,-25.44773052,152.9902649,quarter 4,Rhizophora stylosa,4,1.9,26,
6/07/2014,1:35:16 PM,shithouse 1,Landward-Creek,40-60m,Point 1,41,-25.44742079,152.9899733,quarter 1,Aegialitis annulata,5,1.8,15,
6/07/2014,1:37:50 PM,shithouse 1,Landward-Creek,40-60m,Point 1,41,-25.44742079,152.9899733,quarter 2,Rhizophora stylosa,2,2.2,30,
6/07/2014,1:38:40 PM,shithouse 1,Landward-Creek,40-60m,Point 1,41,-25.44742079,152.9899733,quarter 3,Aegialitis annulata,3,1.5,20,
6/07/2014,1:39:28 PM,shithouse 1,Landward-Creek,40-60m,Point 1,41,-25.44742079,152.9899733,quarter 4,Aegialitis annulata,2,1.6,32,
6/07/2014,10:35:41 AM,Gabi bruna and thea,Seaward,0-20m,Point 1,5,,,,,,,,
6/07/2014,10:37:46 AM,Gabi bruna and thea,Seaward,0-20m,Point 1,5,,,quarter 1,Rhizophora stylosa,2.7,2.4,25,
6/07/2014,10:39:10 AM,Gabi bruna and thea,Seaward,0-20m,Point 1,5,,,quarter 2,Rhizophora stylosa,4.3,1.2,9,
6/07/2014,10:41:17 AM,Gabi bruna and thea,Seaward,0-20m,Point 1,5,,,quarter 3,Avicennia marina,2.2,3.7,113,
6/07/2014,10:44:19 AM,Gabi bruna and thea,Seaward,0-20m,Point 1,5,,,quarter 4,Avicennia marina,4.5,5.2,68,
6/07/2014,10:46:26 AM,Gabi bruna and thea,Seaward,0-20m,Point 2,15,,,quarter 1,Rhizophora stylosa,0.9,2.9,13,
6/07/2014,10:47:07 AM,Gabi bruna and thea,Seaward,0-20m,Point 2,15,,,quarter 2,Rhizophora stylosa,1,2,14,
6/07/2014,10:47:59 AM,Gabi bruna and thea,Seaward,0-20m,Point 2,15,,,quarter 3,Rhizophora stylosa,0.6,2.2,13,
6/07/2014,10:49:58 AM,Gabi bruna and thea,Seaward,0-20m,Point 2,15,,,quarter 4,Rhizophora stylosa,3,4,34,
6/07/2014,10:52:01 AM,Gabi bruna and thea,Seaward,20-40m,Point 1,24.3,,,quarter 1,Avicennia marina,0.5,3.5,38,
6/07/2014,10:53:56 AM,Gabi bruna and thea,Seaward,20-40m,Point 1,24.3,,,quarter 2,Avicennia marina,1.3,3.5,164,
6/07/2014,10:54:41 AM,Gabi bruna and thea,Seaward,20-40m,Point 1,24.3,,,quarter 3,Rhizophora stylosa,1.7,1.7,13,
6/07/2014,10:55:29 AM,Gabi bruna and thea,Seaward,20-40m,Point 1,24.3,,,quarter 4,Rhizophora stylosa,2,2.5,17,
6/07/2014,10:57:25 AM,Gabi bruna and thea,Seaward,20-40m,Point 1,29,,,quarter 1,Rhizophora stylosa,1.7,2,16,
6/07/2014,10:58:07 AM,Gabi bruna and thea,Seaward,20-40m,Point 1,29,,,quarter 2,Rhizophora stylosa,1.5,2.5,20,
6/07/2014,10:59:33 AM,Gabi bruna and thea,Seaward,20-40m,Point 1,29,,,quarter 3,Rhizophora stylosa,1.5,2.5,13,
6/07/2014,11:00:14 AM,Gabi bruna and thea,Seaward,20-40m,Point 1,29,,,quarter 4,Rhizophora stylosa,0.8,1.1,11,
6/07/2014,11:01:53 AM,Gabi bruna and thea,Seaward,40-60m,Point 1,48.5,,,to next Transect point,,,,,
6/07/2014,11:02:16 AM,Gabi bruna and thea,Seaward,40-60m,Point 1,48.5,,,quarter 1,Avicennia marina,1,0.6,8,
6/07/2014,11:02:44 AM,Gabi bruna and thea,Seaward,40-60m,Point 1,48.5,,,quarter 2,Avicennia marina,0.6,0.4,2,
6/07/2014,11:03:09 AM,Gabi bruna and thea,Seaward,40-60m,Point 1,48.5,,,quarter 3,Avicennia marina,1.2,0.3,3,
6/07/2014,11:03:51 AM,Gabi bruna and thea,Seaward,40-60m,Point 1,48.5,,,quarter 4,Avicennia marina,1.5,0.5,2,
6/07/2014,11:04:48 AM,Gabi bruna and thea,Seaward,40-60m,Point 2,57.8,,,to next Transect point,,,,,
6/07/2014,11:06:15 AM,Gabi bruna and thea,Seaward,40-60m,Point 2,57.8,,,quarter 1,Avicennia marina,1,0.3,10,
6/07/2014,11:06:55 AM,Gabi bruna and thea,Seaward,40-60m,Point 2,57.8,,,quarter 2,Avicennia marina,0.5,0.4,4,
6/07/2014,11:07:40 AM,Gabi bruna and thea,Seaward,40-60m,Point 2,57.8,,,quarter 3,Avicennia marina,0.2,0.2,5,
6/07/2014,11:13:50 AM,Gabi bruna and thea,Seaward,40-60m,Point 2,57.8,,,quarter 4,Avicennia marina,2.3,0.3,5,
6/07/2014,12:39:52 PM,lily and gen creek side green,Landward-Creek,0-20m,Point 2,9,,,quarter 1,Rhizophora stylosa,0.98,0.92,4,
6/07/2014,12:40:19 PM,lily and gen creek side green,Landward-Creek,0-20m,Point 2,9,,,quarter 2,Rhizophora stylosa,0.84,0.77,3,
6/07/2014,12:41:05 PM,lily and gen creek side green,Landward-Creek,0-20m,Point 2,9,,,quarter 3,Rhizophora stylosa,0.9,1.54,8,
6/07/2014,12:41:49 PM,lily and gen creek side green,Landward-Creek,0-20m,Point 2,9,,,quarter 4,Rhizophora stylosa,0.61,0.72,8,
6/07/2014,12:44:47 PM,lily and gen creek side green,Landward-Creek,0-20m,Point 1,15,,,quarter 1,Avicennia marina,3.4,0.3,6,
6/07/2014,12:47:16 PM,lily and gen creek side green,Landward-Creek,0-20m,Point 1,15,,,quarter 2,Avicennia marina,2,5,144,
6/07/2014,12:48:22 PM,lily and gen creek side green,Landward-Creek,0-20m,Point 1,15,,,quarter 3,Avicennia marina,1.5,3,10,
6/07/2014,12:49:16 PM,lily and gen creek side green,Landward-Creek,0-20m,Point 1,15,,,quarter 4,Rhizophora stylosa,0.8,1.4,6,
6/07/2014,12:52:53 PM,lily and gen creek side green,Landward-Creek,20-40m,Point 1,25,,,quarter 1,Avicennia marina,1.2,1.5,5.5,
6/07/2014,12:54:25 PM,lily and gen creek side green,Landward-Creek,20-40m,Point 1,25,,,quarter 2,Avicennia marina,1,5.5,94,
6/07/2014,12:55:28 PM,lily and gen creek side green,Landward-Creek,20-40m,Point 1,25,,,quarter 3,Avicennia marina,3.2,1.2,4,
6/07/2014,12:56:26 PM,lily and gen creek side green,Landward-Creek,20-40m,Point 1,25,,,quarter 4,Rhizophora stylosa,1,2.3,7,
6/07/2014,1:01:12 PM,lily and gen creek side green,Landward-Creek,40-60m,Point 1,47,,,quarter 1,Rhizophora stylosa,0.6,1.5,65,
6/07/2014,1:02:43 PM,lily and gen creek side green,Landward-Creek,40-60m,Point 1,47,,,quarter 2,Avicennia marina,1.2,2.5,38,
6/07/2014,1:03:57 PM,lily and gen creek side green,Landward-Creek,40-60m,Point 1,47,,,quarter 3,Rhizophora stylosa,0.9,1.3,7,
6/07/2014,1:04:40 PM,lily and gen creek side green,Landward-Creek,40-60m,Point 1,47,,,quarter 4,Rhizophora stylosa,0.5,1,8,
6/07/2014,1:06:14 PM,lily and gen creek side green,Landward-Creek,40-60m,Point 1,51,,,quarter 1,Rhizophora stylosa,0.7,1.5,9,
6/07/2014,1:06:59 PM,lily and gen creek side green,Landward-Creek,40-60m,Point 1,51,,,quarter 2,Rhizophora stylosa,0.9,1.4,10,
6/07/2014,1:07:46 PM,lily and gen creek side green,Landward-Creek,40-60m,Point 1,51,,,quarter 3,Avicennia marina,0.7,1.6,12,
6/07/2014,1:08:34 PM,lily and gen creek side green,Landward-Creek,40-60m,Point 1,51,,,quarter 4,Avicennia marina,0.6,1.6,12,
6/07/2014,12:42:26 PM,shithouse,Landward-Creek,0-20m,Point 1,3,-25.44776504,152.9902237,,,,,,
6/07/2014,12:47:32 PM,shithouse,Landward-Creek,0-20m,Point 1,3,,,quarter 1,Ceriops australis,1,2.1,200,
6/07/2014,12:49:34 PM,shithouse,Landward-Creek,0-20m,Point 1,3,,,quarter 2,Rhizophora stylosa,3,3.3,58,
6/07/2014,12:50:27 PM,shithouse,Landward-Creek,0-20m,Point 1,3,,,quarter 3,Rhizophora stylosa,4,3.4,57,
6/07/2014,12:51:45 PM,shithouse,Landward-Creek,0-20m,Point 1,3,,,quarter 4,Avicennia marina,4,1.8,6,
6/07/2014,12:53:30 PM,shithouse,Landward-Creek,0-20m,Point 2,12,-25.44771981,152.9902345,to next Transect point,,,,,
6/07/2014,12:54:27 PM,shithouse,Landward-Creek,0-20m,Point 2,12,,,quarter 1,Avicennia marina,3,2,65,
6/07/2014,12:55:01 PM,shithouse,Landward-Creek,0-20m,Point 2,12,,,quarter 2,Rhizophora stylosa,2.2,1,5,
6/07/2014,12:55:43 PM,shithouse,Landward-Creek,0-20m,Point 2,12,,,quarter 3,Rhizophora stylosa,0.8,2.6,22,
6/07/2014,12:57:07 PM,shithouse,Landward-Creek,0-20m,Point 2,12,,,quarter 4,Rhizophora stylosa,4.3,2,50,
6/07/2014,1:00:08 PM,shithouse,Landward-Creek,20-40m,Point 1,4.2,-25.44773052,152.9902649,to next Transect point,,,,,
6/07/2014,1:01:20 PM,shithouse,Landward-Creek,20-40m,Point 1,4.2,,,quarter 1,Rhizophora stylosa,2.4,2,31,
6/07/2014,1:02:30 PM,shithouse,Landward-Creek,20-40m,Point 1,4.2,,,quarter 2,Rhizophora stylosa,1.2,2.2,20,
6/07/2014,1:02:54 PM,shithouse,Landward-Creek,20-40m,Point 1,4.2,,,quarter 3,Rhizophora stylosa,1,1.8,21,
6/07/2014,1:03:29 PM,shithouse,Landward-Creek,20-40m,Point 1,4.2,,,quarter 4,Rhizophora stylosa,1.1,2.1,71,
6/07/2014,1:15:16 PM,shithouse,Landward-Creek,40-60m,Point 1,43,-25.44751883,152.9900714,to next Transect point,,,,,
6/07/2014,1:16:15 PM,shithouse,Landward-Creek,40-60m,Point 1,43,,,quarter 1,Rhizophora stylosa,0.2,1.5,11,
6/07/2014,1:16:26 PM,shithouse,Landward-Creek,40-60m,Point 1,43,,,quarter 2,Rhizophora stylosa,0.4,1.5,13,
6/07/2014,1:16:54 PM,shithouse,Landward-Creek,40-60m,Point 1,43,,,quarter 3,Rhizophora stylosa,2.2,1.6,12,
6/07/2014,1:17:46 PM,shithouse,Landward-Creek,40-60m,Point 1,43,,,quarter 4,Rhizophora stylosa,0.2,1.3,16,
6/07/2014,1:21:44 PM,shithouse,Landward-Creek,40-60m,Point 1,56.4,-25.44742079,152.9899733,to next Transect point,,,,,
6/07/2014,1:22:32 PM,shithouse,Landward-Creek,40-60m,Point 1,56.4,,,quarter 1,Ceriops australis,2,1.8,8,
6/07/2014,1:23:17 PM,shithouse,Landward-Creek,40-60m,Point 1,56.4,,,quarter 2,Avicennia marina,2.1,1.7,15,
6/07/2014,1:23:47 PM,shithouse,Landward-Creek,40-60m,Point 1,56.4,,,quarter 3,Avicennia marina,1.8,2.1,18,
6/07/2014,1:24:41 PM,shithouse,Landward-Creek,40-60m,Point 1,56.4,,,quarter 4,Aegialitis annulata,1.3,1,5,
6/07/2014,1:25:16 PM,shithouse,Landward-Creek,40-60m,Point 1,59,-25.44736524,152.9899052,to next Transect point,,,,,
6/07/2014,1:25:43 PM,shithouse,Landward-Creek,40-60m,Point 1,59,,,quarter 1,Aegialitis annulata,0.3,0.5,15,
6/07/2014,1:26:39 PM,shithouse,Landward-Creek,40-60m,Point 1,59,,,quarter 2,Ceriops australis,0.5,1.2,10,
6/07/2014,1:27:34 PM,shithouse,Landward-Creek,40-60m,Point 1,59,,,quarter 3,Ceriops australis,1.2,0.6,6,
6/07/2014,1:28:00 PM,shithouse,Landward-Creek,40-60m,Point 1,59,,,quarter 4,Aegialitis annulata,0.4,0.3,3,
6/07/2014,1:29:13 PM,shithouse,Landward-Creek,60-80m,Point 1,71,-25.44739645,152.9899583,to next Transect point,,,,,
6/07/2014,1:30:29 PM,shithouse,Landward-Creek,60-80m,Point 1,71,,,quarter 1,Avicennia marina,0.6,0.3,6,
7/07/2014,2:30:29 PM,shithouse,Landward-Creek,60-80m,Point 1,72,,,quarter 2,Avicennia marina,0.6,0.3,6,
6/07/2014,1:30:57 PM,shithouse,Landward-Creek,60-80m,Point 1,71,,,quarter 3,Avicennia marina,1.3,0.4,8,
6/07/2014,1:31:31 PM,shithouse,Landward-Creek,60-80m,Point 1,71,,,quarter 4,Avicennia marina,0.6,0.7,10,
6/07/2014,1:34:13 PM,shithouse,Landward-Creek,60-80m,Point 2,74,-25.4474051,152.9898805,to next Transect point,,,,,
6/07/2014,1:35:12 PM,shithouse,Landward-Creek,60-80m,Point 2,74,,,quarter 1,Avicennia marina,1.3,0.3,8,
6/07/2014,1:36:42 PM,shithouse,Landward-Creek,60-80m,Point 2,74,,,quarter 2,Avicennia marina,1.5,0.5,17,
6/07/2014,1:37:37 PM,shithouse,Landward-Creek,60-80m,Point 2,74,,,quarter 3,Avicennia marina,0.7,0.4,5,
6/07/2014,1:38:36 PM,shithouse,Landward-Creek,60-80m,Point 2,74,,,quarter 4,Avicennia marina,2.8,0.6,14,
6/07/2014,1:39:21 PM,shithouse,Landward-Creek,60-80m,Point 3,70,-25.44737282,152.9898824,to next Transect point,,,,,
6/07/2014,1:39:51 PM,shithouse,Landward-Creek,60-80m,Point 3,70,,,quarter 1,Avicennia marina,0.7,0.6,11,
6/07/2014,1:40:23 PM,shithouse,Landward-Creek,60-80m,Point 3,70,,,quarter 2,Avicennia marina,0.7,0.5,7,
6/07/2014,1:40:44 PM,shithouse,Landward-Creek,60-80m,Point 3,70,,,quarter 3,Avicennia marina,0.7,0.9,9,
7/07/2014,2:40:44 PM,shithouse,Landward-Creek,60-80m,Point 3,70,,,quarter 4,Avicennia marina,0.8,0.6,9,
